"T","X","Y","datasets","days"
"2022--P1Y", -0019, -0014,   16,   16
"2022--P1Y", -0018, -0015,   25,   25
"2022--P1Y", -0018, -0014,  107,   54
"2022--P1Y", -0018, -0013,   29,   29
"2022--P1Y", -0017, -0014,  213,   54
"2022--P1Y", -0017, -0013,  106,   53
"2022--P1Y", -0016, -0014,  106,   53
"2022--P1Y", -0016, -0013,  106,   53
"2022--P1Y", -0014, +0037,   26,   25
"2022--P1Y", -0014, +0038,   51,   26
"2022--P1Y", -0013, +0037,  105,   52
"2022--P1Y", -0013, +0038,  194,   52
"2022--P1Y", -0012, +0037,   26,   26
"2022--P1Y", -0012, +0038,   45,   26
"2022--P1Y", -0004, +0041,   27,   27
"2022--P1Y", -0004, +0042,   27,   27
"2022--P1Y", -0003, +0041,   53,   27
"2022--P1Y", -0003, +0042,   53,   27
"2022--P1Y", -0002, +0041,   26,   26
"2022--P1Y", -0002, +0042,   26,   26
"2022--P1Y", +0006, +0028,    4,    4
"2022--P1Y", +0006, +0029,    9,    4
"2022--P1Y", +0006, +0030,   12,    4
"2022--P1Y", +0006, +0031,   12,    4
"2022--P1Y", +0006, +0032,    8,    4
"2022--P1Y", +0006, +0033,    8,    4
"2022--P1Y", +0007, +0024,    8,    4
"2022--P1Y", +0007, +0025,   80,   73
"2022--P1Y", +0007, +0026,  150,   73
"2022--P1Y", +0007, +0027,   78,   73
"2022--P1Y", +0007, +0028,   81,   73
"2022--P1Y", +0007, +0029,   89,   73
"2022--P1Y", +0007, +0030,  161,   73
"2022--P1Y", +0007, +0031,   86,   73
"2022--P1Y", +0007, +0032,   16,    4
"2022--P1Y", +0007, +0033,   12,    4
"2022--P1Y", +0008, +0020,    8,    4
"2022--P1Y", +0008, +0021,    8,    4
"2022--P1Y", +0008, +0022,    8,    4
"2022--P1Y", +0008, +0023,  159,   73
"2022--P1Y", +0008, +0024,  321,  146
"2022--P1Y", +0008, +0025,  430,  146
"2022--P1Y", +0008, +0026,  656,  146
"2022--P1Y", +0008, +0027,  535,  146
"2022--P1Y", +0008, +0028,  378,  146
"2022--P1Y", +0008, +0029,  455,  146
"2022--P1Y", +0008, +0030,  664,  146
"2022--P1Y", +0008, +0031,  612,  146
"2022--P1Y", +0008, +0032,  168,   73
"2022--P1Y", +0008, +0033,   10,    4
"2022--P1Y", +0009, +0020,   16,    4
"2022--P1Y", +0009, +0021,   85,   73
"2022--P1Y", +0009, +0022,  302,   73
"2022--P1Y", +0009, +0023,  450,   73
"2022--P1Y", +0009, +0024,  422,  102
"2022--P1Y", +0009, +0025,  531,  146
"2022--P1Y", +0009, +0026,  546,  146
"2022--P1Y", +0009, +0027,  644,  146
"2022--P1Y", +0009, +0028,  829,  146
"2022--P1Y", +0009, +0029,  894,  146
"2022--P1Y", +0009, +0030,  736,  146
"2022--P1Y", +0009, +0031,  767,  146
"2022--P1Y", +0009, +0032,  475,  146
"2022--P1Y", +0009, +0033,  107,   74
"2022--P1Y", +0009, +0034,   20,    4
"2022--P1Y", +0009, +0035,    8,    4
"2022--P1Y", +0009, +0040,   12,    4
"2022--P1Y", +0009, +0041,    4,    4
"2022--P1Y", +0009, +0044,    2,    2
"2022--P1Y", +0009, +0045,    3,    3
"2022--P1Y", +0010, +0016,   24,    4
"2022--P1Y", +0010, +0017,   20,    4
"2022--P1Y", +0010, +0018,   16,    4
"2022--P1Y", +0010, +0019,   16,    4
"2022--P1Y", +0010, +0020,  178,  145
"2022--P1Y", +0010, +0021,  390,  146
"2022--P1Y", +0010, +0022,  667,  146
"2022--P1Y", +0010, +0023,  890,  146
"2022--P1Y", +0010, +0024,  656,  146
"2022--P1Y", +0010, +0025,  447,  146
"2022--P1Y", +0010, +0026,  393,   73
"2022--P1Y", +0010, +0027,  498,   73
"2022--P1Y", +0010, +0028,  490,   73
"2022--P1Y", +0010, +0029,  442,   73
"2022--P1Y", +0010, +0030,  438,   73
"2022--P1Y", +0010, +0031,  440,   73
"2022--P1Y", +0010, +0032,  294,   73
"2022--P1Y", +0010, +0033,  154,   73
"2022--P1Y", +0010, +0034,   16,    4
"2022--P1Y", +0010, +0035,    8,    4
"2022--P1Y", +0010, +0040,   20,    4
"2022--P1Y", +0010, +0041,   24,    4
"2022--P1Y", +0010, +0042,   24,    4
"2022--P1Y", +0010, +0043,   24,    4
"2022--P1Y", +0010, +0044,   24,    8
"2022--P1Y", +0010, +0045,   16,    8
"2022--P1Y", +0011, +0015,   76,   73
"2022--P1Y", +0011, +0016,  170,   73
"2022--P1Y", +0011, +0017,  163,   73
"2022--P1Y", +0011, +0018,  161,   73
"2022--P1Y", +0011, +0019,  228,   73
"2022--P1Y", +0011, +0020,  462,  146
"2022--P1Y", +0011, +0021,  742,  146
"2022--P1Y", +0011, +0022,  665,  146
"2022--P1Y", +0011, +0023,  747,  146
"2022--P1Y", +0011, +0024,  436,  146
"2022--P1Y", +0011, +0025,  446,  146
"2022--P1Y", +0011, +0026,  596,  146
"2022--P1Y", +0011, +0027,  656,  146
"2022--P1Y", +0011, +0028,  608,  146
"2022--P1Y", +0011, +0029,  469,  146
"2022--P1Y", +0011, +0030,  467,  146
"2022--P1Y", +0011, +0031,  754,  145
"2022--P1Y", +0011, +0032,  659,  146
"2022--P1Y", +0011, +0033,  304,  146
"2022--P1Y", +0011, +0034,   20,    8
"2022--P1Y", +0011, +0035,    8,    4
"2022--P1Y", +0011, +0040,   22,    4
"2022--P1Y", +0011, +0041,   28,    4
"2022--P1Y", +0011, +0042,   16,    4
"2022--P1Y", +0011, +0043,   16,    4
"2022--P1Y", +0011, +0044,   16,    4
"2022--P1Y", +0011, +0045,    8,    4
"2022--P1Y", +0012, +0015,  307,  146
"2022--P1Y", +0012, +0016,  603,  146
"2022--P1Y", +0012, +0017,  811,  146
"2022--P1Y", +0012, +0018,  663,  146
"2022--P1Y", +0012, +0019,  512,  146
"2022--P1Y", +0012, +0020,  439,  146
"2022--P1Y", +0012, +0021,  436,  146
"2022--P1Y", +0012, +0022,  299,   73
"2022--P1Y", +0012, +0023,  444,   73
"2022--P1Y", +0012, +0024,  289,   73
"2022--P1Y", +0012, +0025,  294,   73
"2022--P1Y", +0012, +0026,  294,   73
"2022--P1Y", +0012, +0027,  293,   73
"2022--P1Y", +0012, +0028,  289,   73
"2022--P1Y", +0012, +0029,  291,   73
"2022--P1Y", +0012, +0030,  496,  146
"2022--P1Y", +0012, +0031,  620,  145
"2022--P1Y", +0012, +0032,  582,  146
"2022--P1Y", +0012, +0033,  302,  146
"2022--P1Y", +0012, +0034,   95,   77
"2022--P1Y", +0012, +0035,  166,   77
"2022--P1Y", +0012, +0036,   93,   72
"2022--P1Y", +0012, +0037,   85,   72
"2022--P1Y", +0012, +0038,   10,    4
"2022--P1Y", +0012, +0039,   10,    6
"2022--P1Y", +0012, +0040,   22,    8
"2022--P1Y", +0012, +0041,   40,    8
"2022--P1Y", +0012, +0042,   28,    8
"2022--P1Y", +0012, +0043,   16,    4
"2022--P1Y", +0012, +0044,   16,    4
"2022--P1Y", +0012, +0045,    8,    4
"2022--P1Y", +0013, +0015,  230,  145
"2022--P1Y", +0013, +0016,  382,  145
"2022--P1Y", +0013, +0017,  591,  145
"2022--P1Y", +0013, +0018,  444,  145
"2022--P1Y", +0013, +0019,  510,  145
"2022--P1Y", +0013, +0020,  586,  146
"2022--P1Y", +0013, +0021,  583,  146
"2022--P1Y", +0013, +0022,  523,  146
"2022--P1Y", +0013, +0023,  536,  146
"2022--P1Y", +0013, +0024,  659,  146
"2022--P1Y", +0013, +0025,  586,  146
"2022--P1Y", +0013, +0026,  540,  146
"2022--P1Y", +0013, +0027,  437,  146
"2022--P1Y", +0013, +0028,  438,  146
"2022--P1Y", +0013, +0029,  366,  146
"2022--P1Y", +0013, +0030,  337,   72
"2022--P1Y", +0013, +0031,  316,   72
"2022--P1Y", +0013, +0032,  434,   73
"2022--P1Y", +0013, +0033,  439,   73
"2022--P1Y", +0013, +0034,  299,   73
"2022--P1Y", +0013, +0035,  295,   73
"2022--P1Y", +0013, +0036,  224,   72
"2022--P1Y", +0013, +0037,  224,   73
"2022--P1Y", +0013, +0038,   86,   73
"2022--P1Y", +0013, +0039,   16,    4
"2022--P1Y", +0013, +0040,   28,    8
"2022--P1Y", +0013, +0041,   36,    8
"2022--P1Y", +0013, +0042,   32,    8
"2022--P1Y", +0013, +0043,   24,    8
"2022--P1Y", +0013, +0044,   24,    8
"2022--P1Y", +0013, +0045,   16,    8
"2022--P1Y", +0014, +0015,  104,   89
"2022--P1Y", +0014, +0016,  350,  145
"2022--P1Y", +0014, +0017,  513,  145
"2022--P1Y", +0014, +0018,  432,  145
"2022--P1Y", +0014, +0019,  292,   73
"2022--P1Y", +0014, +0020,  294,   73
"2022--P1Y", +0014, +0021,  292,   73
"2022--P1Y", +0014, +0022,  291,   73
"2022--P1Y", +0014, +0023,  401,   73
"2022--P1Y", +0014, +0024,  445,  146
"2022--P1Y", +0014, +0025,  441,  146
"2022--P1Y", +0014, +0026,  475,  146
"2022--P1Y", +0014, +0027,  437,  146
"2022--P1Y", +0014, +0028,  584,  146
"2022--P1Y", +0014, +0029,  587,  146
"2022--P1Y", +0014, +0030,  564,  146
"2022--P1Y", +0014, +0031,  613,  146
"2022--P1Y", +0014, +0032,  655,  146
"2022--P1Y", +0014, +0033,  729,  146
"2022--P1Y", +0014, +0034,  591,  146
"2022--P1Y", +0014, +0035,  381,  146
"2022--P1Y", +0014, +0036,  179,   76
"2022--P1Y", +0014, +0037,  163,   73
"2022--P1Y", +0014, +0038,   94,   73
"2022--P1Y", +0014, +0039,   24,    4
"2022--P1Y", +0014, +0040,   24,    4
"2022--P1Y", +0014, +0041,   24,    4
"2022--P1Y", +0014, +0042,   24,    4
"2022--P1Y", +0014, +0043,   16,    4
"2022--P1Y", +0014, +0044,   16,    4
"2022--P1Y", +0014, +0045,    8,    4
"2022--P1Y", +0015, +0015,   31,   20
"2022--P1Y", +0015, +0016,  262,  145
"2022--P1Y", +0015, +0017,  457,  145
"2022--P1Y", +0015, +0018,  580,  145
"2022--P1Y", +0015, +0019,  585,  145
"2022--P1Y", +0015, +0020,  600,  146
"2022--P1Y", +0015, +0021,  511,  146
"2022--P1Y", +0015, +0022,  740,  146
"2022--P1Y", +0015, +0023,  769,  146
"2022--P1Y", +0015, +0024,  662,  146
"2022--P1Y", +0015, +0025,  369,  146
"2022--P1Y", +0015, +0026,  389,   73
"2022--P1Y", +0015, +0027,  438,   73
"2022--P1Y", +0015, +0028,  438,   73
"2022--P1Y", +0015, +0029,  584,   73
"2022--P1Y", +0015, +0030,  663,   73
"2022--P1Y", +0015, +0031,  517,   73
"2022--P1Y", +0015, +0032,  441,   73
"2022--P1Y", +0015, +0033,  511,  145
"2022--P1Y", +0015, +0034,  520,  145
"2022--P1Y", +0015, +0035,  308,  145
"2022--P1Y", +0015, +0036,  105,   77
"2022--P1Y", +0015, +0037,  184,   77
"2022--P1Y", +0015, +0038,  180,   77
"2022--P1Y", +0015, +0039,  247,  146
"2022--P1Y", +0015, +0040,  317,  146
"2022--P1Y", +0015, +0041,  312,  146
"2022--P1Y", +0015, +0042,  170,  146
"2022--P1Y", +0015, +0043,   28,    8
"2022--P1Y", +0015, +0044,   16,    4
"2022--P1Y", +0015, +0045,    8,    4
"2022--P1Y", +0016, +0015,   11,    4
"2022--P1Y", +0016, +0016,  227,   72
"2022--P1Y", +0016, +0017,  292,   72
"2022--P1Y", +0016, +0018,  288,   72
"2022--P1Y", +0016, +0019,  302,   73
"2022--P1Y", +0016, +0020,  406,  146
"2022--P1Y", +0016, +0021,  584,  146
"2022--P1Y", +0016, +0022,  741,  146
"2022--P1Y", +0016, +0023,  755,  146
"2022--P1Y", +0016, +0024,  658,  146
"2022--P1Y", +0016, +0025,  441,  146
"2022--P1Y", +0016, +0026,  747,  146
"2022--P1Y", +0016, +0027,  879,  146
"2022--P1Y", +0016, +0028, 1172,  146
"2022--P1Y", +0016, +0029,  879,  146
"2022--P1Y", +0016, +0030,  588,  146
"2022--P1Y", +0016, +0031,  592,  146
"2022--P1Y", +0016, +0032,  481,  113
"2022--P1Y", +0016, +0033,  440,   73
"2022--P1Y", +0016, +0034,  373,   73
"2022--P1Y", +0016, +0035,  223,   73
"2022--P1Y", +0016, +0036,  154,   73
"2022--P1Y", +0016, +0037,  324,   73
"2022--P1Y", +0016, +0038,  295,   73
"2022--P1Y", +0016, +0039,  223,   73
"2022--P1Y", +0016, +0040,  223,   73
"2022--P1Y", +0016, +0041,  387,  146
"2022--P1Y", +0016, +0042,  300,  146
"2022--P1Y", +0016, +0043,   93,   77
"2022--P1Y", +0016, +0044,   30,    8
"2022--P1Y", +0016, +0045,   16,    8
"2022--P1Y", +0017, +0015,   17,    4
"2022--P1Y", +0017, +0016,  277,  121
"2022--P1Y", +0017, +0017,  575,  143
"2022--P1Y", +0017, +0018,  503,  143
"2022--P1Y", +0017, +0019,  451,  144
"2022--P1Y", +0017, +0020,  445,  144
"2022--P1Y", +0017, +0021,  434,  144
"2022--P1Y", +0017, +0022,  363,  144
"2022--P1Y", +0017, +0023,  438,   73
"2022--P1Y", +0017, +0024,  365,   73
"2022--P1Y", +0017, +0025,  294,   73
"2022--P1Y", +0017, +0026,  295,   73
"2022--P1Y", +0017, +0027,  439,   73
"2022--P1Y", +0017, +0028,  511,  146
"2022--P1Y", +0017, +0029,  438,  146
"2022--P1Y", +0017, +0030,  441,  146
"2022--P1Y", +0017, +0031,  517,  146
"2022--P1Y", +0017, +0032,  590,  146
"2022--P1Y", +0017, +0033,  590,  146
"2022--P1Y", +0017, +0034,  517,  146
"2022--P1Y", +0017, +0035,  441,  146
"2022--P1Y", +0017, +0036,  440,  146
"2022--P1Y", +0017, +0037,  608,  146
"2022--P1Y", +0017, +0038,  588,  146
"2022--P1Y", +0017, +0039,  154,   73
"2022--P1Y", +0017, +0040,  154,   73
"2022--P1Y", +0017, +0041,  223,   73
"2022--P1Y", +0017, +0042,  223,   73
"2022--P1Y", +0017, +0043,  156,   73
"2022--P1Y", +0017, +0044,   16,    4
"2022--P1Y", +0017, +0045,    8,    4
"2022--P1Y", +0018, +0016,  142,   71
"2022--P1Y", +0018, +0017,  422,  143
"2022--P1Y", +0018, +0018,  432,  143
"2022--P1Y", +0018, +0019,  610,  144
"2022--P1Y", +0018, +0020,  579,  144
"2022--P1Y", +0018, +0021,  575,  144
"2022--P1Y", +0018, +0022,  506,  144
"2022--P1Y", +0018, +0023,  577,  144
"2022--P1Y", +0018, +0024,  650,  144
"2022--P1Y", +0018, +0025,  869,  144
"2022--P1Y", +0018, +0026,  792,  144
"2022--P1Y", +0018, +0027,  579,  144
"2022--P1Y", +0018, +0028,  430,  143
"2022--P1Y", +0018, +0029,  292,   73
"2022--P1Y", +0018, +0030,  296,   73
"2022--P1Y", +0018, +0031,  295,   73
"2022--P1Y", +0018, +0032,  296,   73
"2022--P1Y", +0018, +0033,  296,   73
"2022--P1Y", +0018, +0034,  295,   73
"2022--P1Y", +0018, +0035,  319,   94
"2022--P1Y", +0018, +0036,  515,  146
"2022--P1Y", +0018, +0037,  598,  146
"2022--P1Y", +0018, +0038,  677,  146
"2022--P1Y", +0018, +0039,  385,  146
"2022--P1Y", +0018, +0040,  255,  146
"2022--P1Y", +0018, +0041,  195,  146
"2022--P1Y", +0018, +0042,  109,   89
"2022--P1Y", +0018, +0043,   94,   77
"2022--P1Y", +0018, +0044,   20,    8
"2022--P1Y", +0018, +0045,    8,    4
"2022--P1Y", +0019, +0016,  143,   71
"2022--P1Y", +0019, +0017,  436,  144
"2022--P1Y", +0019, +0018,  444,  144
"2022--P1Y", +0019, +0019,  385,  144
"2022--P1Y", +0019, +0020,  284,   71
"2022--P1Y", +0019, +0021,  281,   71
"2022--P1Y", +0019, +0022,  285,   71
"2022--P1Y", +0019, +0023,  285,   71
"2022--P1Y", +0019, +0024,  796,  144
"2022--P1Y", +0019, +0025,  870,  144
"2022--P1Y", +0019, +0026,  431,  144
"2022--P1Y", +0019, +0027,  433,  144
"2022--P1Y", +0019, +0028,  430,  144
"2022--P1Y", +0019, +0029,  575,  144
"2022--P1Y", +0019, +0030,  581,  144
"2022--P1Y", +0019, +0031,  505,  144
"2022--P1Y", +0019, +0032,  439,  144
"2022--P1Y", +0019, +0033,  442,  144
"2022--P1Y", +0019, +0034,  357,  132
"2022--P1Y", +0019, +0035,  297,   73
"2022--P1Y", +0019, +0036,  295,   73
"2022--P1Y", +0019, +0037,  292,   73
"2022--P1Y", +0019, +0038,  305,   73
"2022--P1Y", +0019, +0039,  381,   73
"2022--P1Y", +0019, +0040,  237,   73
"2022--P1Y", +0019, +0041,  110,   73
"2022--P1Y", +0019, +0042,   36,   20
"2022--P1Y", +0019, +0043,   24,    8
"2022--P1Y", +0019, +0044,   24,    8
"2022--P1Y", +0019, +0045,   14,    8
"2022--P1Y", +0020, +0016,   74,   71
"2022--P1Y", +0020, +0017,  516,  144
"2022--P1Y", +0020, +0018,  598,  144
"2022--P1Y", +0020, +0019,  595,  144
"2022--P1Y", +0020, +0020,  559,  144
"2022--P1Y", +0020, +0021,  488,  144
"2022--P1Y", +0020, +0022,  434,  144
"2022--P1Y", +0020, +0023,  585,  144
"2022--P1Y", +0020, +0024,  724,  143
"2022--P1Y", +0020, +0025,  626,  143
"2022--P1Y", +0020, +0026,  285,   71
"2022--P1Y", +0020, +0027,  287,   71
"2022--P1Y", +0020, +0028,  284,   71
"2022--P1Y", +0020, +0029,  281,   71
"2022--P1Y", +0020, +0030,  285,   71
"2022--P1Y", +0020, +0031,  398,  144
"2022--P1Y", +0020, +0032,  438,  144
"2022--P1Y", +0020, +0033,  513,  144
"2022--P1Y", +0020, +0034,  585,  144
"2022--P1Y", +0020, +0035,  515,  144
"2022--P1Y", +0020, +0036,  443,  144
"2022--P1Y", +0020, +0037,  440,  143
"2022--P1Y", +0020, +0038,  447,  143
"2022--P1Y", +0020, +0039,  437,  143
"2022--P1Y", +0020, +0040,  386,   73
"2022--P1Y", +0020, +0041,  180,   73
"2022--P1Y", +0020, +0042,   40,   16
"2022--P1Y", +0020, +0043,   16,    4
"2022--P1Y", +0020, +0044,   16,    4
"2022--P1Y", +0020, +0045,    8,    4
"2022--P1Y", +0021, +0016,   44,   44
"2022--P1Y", +0021, +0017,  158,   73
"2022--P1Y", +0021, +0018,  225,   73
"2022--P1Y", +0021, +0019,  369,   73
"2022--P1Y", +0021, +0020,  449,   73
"2022--P1Y", +0021, +0021,  596,  144
"2022--P1Y", +0021, +0022,  887,  144
"2022--P1Y", +0021, +0023, 1040,  144
"2022--P1Y", +0021, +0024,  734,  144
"2022--P1Y", +0021, +0025,  649,  144
"2022--P1Y", +0021, +0026,  508,  144
"2022--P1Y", +0021, +0027,  721,  144
"2022--P1Y", +0021, +0028,  869,  144
"2022--P1Y", +0021, +0029,  800,  144
"2022--P1Y", +0021, +0030,  688,  144
"2022--P1Y", +0021, +0031,  422,   71
"2022--P1Y", +0021, +0032,  443,   71
"2022--P1Y", +0021, +0033,  440,   71
"2022--P1Y", +0021, +0034,  429,   71
"2022--P1Y", +0021, +0035,  431,   71
"2022--P1Y", +0021, +0036,  451,   71
"2022--P1Y", +0021, +0037,  578,  144
"2022--P1Y", +0021, +0038,  727,  144
"2022--P1Y", +0021, +0039,  656,  144
"2022--P1Y", +0021, +0040,  737,  144
"2022--P1Y", +0021, +0041,  398,  143
"2022--P1Y", +0021, +0042,   51,   19
"2022--P1Y", +0021, +0043,   25,    7
"2022--P1Y", +0021, +0044,   26,    7
"2022--P1Y", +0021, +0045,   16,    4
"2022--P1Y", +0021, +0046,    8,    4
"2022--P1Y", +0022, +0016,    7,    4
"2022--P1Y", +0022, +0017,   15,    4
"2022--P1Y", +0022, +0018,   85,   73
"2022--P1Y", +0022, +0019,  383,  146
"2022--P1Y", +0022, +0020,  464,  146
"2022--P1Y", +0022, +0021, 1137,  146
"2022--P1Y", +0022, +0022,  828,  146
"2022--P1Y", +0022, +0023,  461,   73
"2022--P1Y", +0022, +0024,  445,   73
"2022--P1Y", +0022, +0025,  442,   73
"2022--P1Y", +0022, +0026,  440,   73
"2022--P1Y", +0022, +0027,  512,  143
"2022--P1Y", +0022, +0028,  727,  144
"2022--P1Y", +0022, +0029,  736,  144
"2022--P1Y", +0022, +0030,  726,  144
"2022--P1Y", +0022, +0031,  802,  144
"2022--P1Y", +0022, +0032,  902,  144
"2022--P1Y", +0022, +0033,  808,  144
"2022--P1Y", +0022, +0034,  651,  144
"2022--P1Y", +0022, +0035,  516,  143
"2022--P1Y", +0022, +0036,  453,   71
"2022--P1Y", +0022, +0037,  425,   71
"2022--P1Y", +0022, +0038,  428,   71
"2022--P1Y", +0022, +0039,  436,   71
"2022--P1Y", +0022, +0040,  430,   71
"2022--P1Y", +0022, +0041,  227,   70
"2022--P1Y", +0022, +0042,   15,    3
"2022--P1Y", +0022, +0043,   20,    7
"2022--P1Y", +0022, +0044,   26,    7
"2022--P1Y", +0022, +0045,   24,    7
"2022--P1Y", +0022, +0046,   14,    7
"2022--P1Y", +0023, +0018,    5,    4
"2022--P1Y", +0023, +0019,  319,  146
"2022--P1Y", +0023, +0020,  615,  146
"2022--P1Y", +0023, +0021,  910,  146
"2022--P1Y", +0023, +0022,  682,  146
"2022--P1Y", +0023, +0023,  601,  146
"2022--P1Y", +0023, +0024,  669,  146
"2022--P1Y", +0023, +0025,  745,  146
"2022--P1Y", +0023, +0026,  598,  146
"2022--P1Y", +0023, +0027,  519,  146
"2022--P1Y", +0023, +0028,  302,   73
"2022--P1Y", +0023, +0029,  296,   73
"2022--P1Y", +0023, +0030,  296,   73
"2022--P1Y", +0023, +0031,  303,   73
"2022--P1Y", +0023, +0032,  308,   73
"2022--P1Y", +0023, +0033,  441,  144
"2022--P1Y", +0023, +0034,  434,  144
"2022--P1Y", +0023, +0035,  443,  143
"2022--P1Y", +0023, +0036,  485,  142
"2022--P1Y", +0023, +0037,  570,  143
"2022--P1Y", +0023, +0038,  516,  143
"2022--P1Y", +0023, +0039,  438,  142
"2022--P1Y", +0023, +0040,  296,  141
"2022--P1Y", +0023, +0041,   83,   70
"2022--P1Y", +0023, +0042,   12,    3
"2022--P1Y", +0023, +0043,   18,    3
"2022--P1Y", +0023, +0044,   18,    3
"2022--P1Y", +0023, +0045,   12,    3
"2022--P1Y", +0023, +0046,    6,    3
"2022--P1Y", +0024, +0018,    6,    3
"2022--P1Y", +0024, +0019,  153,   73
"2022--P1Y", +0024, +0020,  373,  145
"2022--P1Y", +0024, +0021,  446,   73
"2022--P1Y", +0024, +0022,  298,   73
"2022--P1Y", +0024, +0023,  376,   73
"2022--P1Y", +0024, +0024,  602,  146
"2022--P1Y", +0024, +0025,  747,  146
"2022--P1Y", +0024, +0026,  752,  146
"2022--P1Y", +0024, +0027,  444,  146
"2022--P1Y", +0024, +0028,  453,  146
"2022--P1Y", +0024, +0029,  620,  146
"2022--P1Y", +0024, +0030,  600,  146
"2022--P1Y", +0024, +0031,  531,  146
"2022--P1Y", +0024, +0032,  380,  146
"2022--P1Y", +0024, +0033,  296,   73
"2022--P1Y", +0024, +0034,  288,   73
"2022--P1Y", +0024, +0035,  291,   72
"2022--P1Y", +0024, +0036,  291,   72
"2022--P1Y", +0024, +0037,  285,   72
"2022--P1Y", +0024, +0038,  438,  143
"2022--P1Y", +0024, +0039,  448,  143
"2022--P1Y", +0024, +0040,  316,  141
"2022--P1Y", +0024, +0041,  316,  143
"2022--P1Y", +0024, +0042,  316,  143
"2022--P1Y", +0024, +0043,  176,  143
"2022--P1Y", +0024, +0044,   30,    7
"2022--P1Y", +0024, +0045,   20,    7
"2022--P1Y", +0024, +0046,    6,    3
"2022--P1Y", +0025, +0018,   12,    3
"2022--P1Y", +0025, +0019,  115,   89
"2022--P1Y", +0025, +0020,  409,  145
"2022--P1Y", +0025, +0021,  402,  145
"2022--P1Y", +0025, +0022,  444,  145
"2022--P1Y", +0025, +0023,  453,  145
"2022--P1Y", +0025, +0024,  450,  145
"2022--P1Y", +0025, +0025,  446,   73
"2022--P1Y", +0025, +0026,  466,   73
"2022--P1Y", +0025, +0027,  443,   73
"2022--P1Y", +0025, +0028,  391,   73
"2022--P1Y", +0025, +0029,  396,  146
"2022--P1Y", +0025, +0030,  449,  146
"2022--P1Y", +0025, +0031,  449,  146
"2022--P1Y", +0025, +0032,  451,  146
"2022--P1Y", +0025, +0033,  510,  146
"2022--P1Y", +0025, +0034,  582,  145
"2022--P1Y", +0025, +0035,  546,  145
"2022--P1Y", +0025, +0036,  432,  145
"2022--P1Y", +0025, +0037,  286,   72
"2022--P1Y", +0025, +0038,  303,   72
"2022--P1Y", +0025, +0039,  305,   72
"2022--P1Y", +0025, +0040,  320,   72
"2022--P1Y", +0025, +0041,  466,   72
"2022--P1Y", +0025, +0042,  366,   72
"2022--P1Y", +0025, +0043,  310,   75
"2022--P1Y", +0025, +0044,  171,   75
"2022--P1Y", +0025, +0045,   91,   75
"2022--P1Y", +0025, +0046,   11,    7
"2022--P1Y", +0026, +0019,   38,   16
"2022--P1Y", +0026, +0020,  184,   72
"2022--P1Y", +0026, +0021,  253,  145
"2022--P1Y", +0026, +0022,  518,  145
"2022--P1Y", +0026, +0023,  590,  145
"2022--P1Y", +0026, +0024,  592,  145
"2022--P1Y", +0026, +0025,  536,  145
"2022--P1Y", +0026, +0026,  686,  145
"2022--P1Y", +0026, +0027,  749,  146
"2022--P1Y", +0026, +0028,  779,  146
"2022--P1Y", +0026, +0029,  570,  146
"2022--P1Y", +0026, +0030,  304,   73
"2022--P1Y", +0026, +0031,  294,   73
"2022--P1Y", +0026, +0032,  297,   73
"2022--P1Y", +0026, +0033,  297,   73
"2022--P1Y", +0026, +0034,  361,  137
"2022--P1Y", +0026, +0035,  483,  144
"2022--P1Y", +0026, +0036,  446,  145
"2022--P1Y", +0026, +0037,  444,  145
"2022--P1Y", +0026, +0038,  596,  145
"2022--P1Y", +0026, +0039,  594,  145
"2022--P1Y", +0026, +0040,  530,  145
"2022--P1Y", +0026, +0041,  604,  145
"2022--P1Y", +0026, +0042,  434,   72
"2022--P1Y", +0026, +0043,  377,   72
"2022--P1Y", +0026, +0044,  298,   72
"2022--P1Y", +0026, +0045,  154,   72
"2022--P1Y", +0026, +0046,    8,    4
"2022--P1Y", +0027, +0018,    7,    2
"2022--P1Y", +0027, +0019,  348,  145
"2022--P1Y", +0027, +0020,  342,  145
"2022--P1Y", +0027, +0021,  685,  145
"2022--P1Y", +0027, +0022,  738,  145
"2022--P1Y", +0027, +0023,  440,   72
"2022--P1Y", +0027, +0024,  440,   72
"2022--P1Y", +0027, +0025,  503,   72
"2022--P1Y", +0027, +0026,  598,  145
"2022--P1Y", +0027, +0027,  824,  146
"2022--P1Y", +0027, +0028,  810,  146
"2022--P1Y", +0027, +0029,  715,  146
"2022--P1Y", +0027, +0030,  596,  146
"2022--P1Y", +0027, +0031,  595,  146
"2022--P1Y", +0027, +0032,  598,  146
"2022--P1Y", +0027, +0033,  446,  146
"2022--P1Y", +0027, +0034,  325,   73
"2022--P1Y", +0027, +0035,  338,   73
"2022--P1Y", +0027, +0036,  304,   73
"2022--P1Y", +0027, +0037,  301,   73
"2022--P1Y", +0027, +0038,  300,   73
"2022--P1Y", +0027, +0039,  443,  145
"2022--P1Y", +0027, +0040,  596,  145
"2022--P1Y", +0027, +0041,  671,  145
"2022--P1Y", +0027, +0042,  692,  145
"2022--P1Y", +0027, +0043,  541,  145
"2022--P1Y", +0027, +0044,  592,  145
"2022--P1Y", +0027, +0045,  240,  145
"2022--P1Y", +0027, +0046,    8,    4
"2022--P1Y", +0028, +0016,    7,    4
"2022--P1Y", +0028, +0017,    4,    4
"2022--P1Y", +0028, +0018,   92,   73
"2022--P1Y", +0028, +0019,  476,  145
"2022--P1Y", +0028, +0020,  469,  145
"2022--P1Y", +0028, +0021,  751,  145
"2022--P1Y", +0028, +0022,  743,  145
"2022--P1Y", +0028, +0023,  691,  145
"2022--P1Y", +0028, +0024,  736,  145
"2022--P1Y", +0028, +0025,  867,  145
"2022--P1Y", +0028, +0026,  746,  146
"2022--P1Y", +0028, +0027,  373,   73
"2022--P1Y", +0028, +0028,  508,   73
"2022--P1Y", +0028, +0029,  502,   73
"2022--P1Y", +0028, +0030,  438,   73
"2022--P1Y", +0028, +0031,  757,  146
"2022--P1Y", +0028, +0032,  741,  146
"2022--P1Y", +0028, +0033,  591,  146
"2022--P1Y", +0028, +0034,  653,  146
"2022--P1Y", +0028, +0035,  630,  146
"2022--P1Y", +0028, +0036,  644,  146
"2022--P1Y", +0028, +0037,  459,  146
"2022--P1Y", +0028, +0038,  300,   73
"2022--P1Y", +0028, +0039,  297,   73
"2022--P1Y", +0028, +0040,  448,   73
"2022--P1Y", +0028, +0041,  487,   73
"2022--P1Y", +0028, +0042,  484,   73
"2022--P1Y", +0028, +0043,  296,   73
"2022--P1Y", +0028, +0044,  376,  145
"2022--P1Y", +0028, +0045,  388,  145
"2022--P1Y", +0028, +0046,  166,  145
"2022--P1Y", +0029, +0016,   84,   73
"2022--P1Y", +0029, +0017,  155,   73
"2022--P1Y", +0029, +0018,  446,  146
"2022--P1Y", +0029, +0019,  596,  146
"2022--P1Y", +0029, +0020,  736,  146
"2022--P1Y", +0029, +0021,  306,   73
"2022--P1Y", +0029, +0022,  443,   73
"2022--P1Y", +0029, +0023,  449,   73
"2022--P1Y", +0029, +0024,  694,  145
"2022--P1Y", +0029, +0025,  772,  145
"2022--P1Y", +0029, +0026,  599,  146
"2022--P1Y", +0029, +0027,  590,  146
"2022--P1Y", +0029, +0028,  677,  146
"2022--P1Y", +0029, +0029,  588,  146
"2022--P1Y", +0029, +0030,  589,  146
"2022--P1Y", +0029, +0031,  441,   73
"2022--P1Y", +0029, +0032,  453,   73
"2022--P1Y", +0029, +0033,  438,   73
"2022--P1Y", +0029, +0034,  368,   73
"2022--P1Y", +0029, +0035,  297,   73
"2022--P1Y", +0029, +0036,  489,  146
"2022--P1Y", +0029, +0037,  598,  146
"2022--P1Y", +0029, +0038,  515,  146
"2022--P1Y", +0029, +0039,  482,  146
"2022--P1Y", +0029, +0040,  465,  146
"2022--P1Y", +0029, +0041,  629,  146
"2022--P1Y", +0029, +0042,  476,   73
"2022--P1Y", +0029, +0043,  369,   73
"2022--P1Y", +0029, +0044,  298,   73
"2022--P1Y", +0029, +0045,  238,   73
"2022--P1Y", +0029, +0046,   90,   73
"2022--P1Y", +0030, +0015,   10,    9
"2022--P1Y", +0030, +0016,  156,   73
"2022--P1Y", +0030, +0017,  294,   73
"2022--P1Y", +0030, +0018,  442,  146
"2022--P1Y", +0030, +0019,  445,  146
"2022--P1Y", +0030, +0020,  812,  146
"2022--P1Y", +0030, +0021,  676,  146
"2022--P1Y", +0030, +0022,  740,  146
"2022--P1Y", +0030, +0023,  751,  146
"2022--P1Y", +0030, +0024,  440,  145
"2022--P1Y", +0030, +0025,  339,   73
"2022--P1Y", +0030, +0026,  295,   73
"2022--P1Y", +0030, +0027,  294,   73
"2022--P1Y", +0030, +0028,  370,  146
"2022--P1Y", +0030, +0029,  588,  146
"2022--P1Y", +0030, +0030,  599,  146
"2022--P1Y", +0030, +0031,  521,  146
"2022--P1Y", +0030, +0032,  452,  146
"2022--P1Y", +0030, +0033,  440,  146
"2022--P1Y", +0030, +0034,  456,  146
"2022--P1Y", +0030, +0035,  300,   73
"2022--P1Y", +0030, +0036,  328,   73
"2022--P1Y", +0030, +0037,  292,   73
"2022--P1Y", +0030, +0038,  297,   73
"2022--P1Y", +0030, +0039,  353,   73
"2022--P1Y", +0030, +0040,  451,  146
"2022--P1Y", +0030, +0041,  683,  146
"2022--P1Y", +0030, +0042,  829,  146
"2022--P1Y", +0030, +0043,  812,  146
"2022--P1Y", +0030, +0044,  456,  146
"2022--P1Y", +0030, +0045,  242,  146
"2022--P1Y", +0030, +0046,   19,   15
"2022--P1Y", +0031, +0015,  321,  146
"2022--P1Y", +0031, +0016,  463,  146
"2022--P1Y", +0031, +0017,  593,  146
"2022--P1Y", +0031, +0018,  514,  145
"2022--P1Y", +0031, +0019,  516,  144
"2022--P1Y", +0031, +0020,  584,   73
"2022--P1Y", +0031, +0021,  597,   79
"2022--P1Y", +0031, +0022,  740,  146
"2022--P1Y", +0031, +0023,  604,  146
"2022--P1Y", +0031, +0024,  601,  145
"2022--P1Y", +0031, +0025,  553,  145
"2022--P1Y", +0031, +0026,  442,  146
"2022--P1Y", +0031, +0027,  456,  146
"2022--P1Y", +0031, +0028,  369,  146
"2022--P1Y", +0031, +0029,  295,   73
"2022--P1Y", +0031, +0030,  308,   73
"2022--P1Y", +0031, +0031,  299,   73
"2022--P1Y", +0031, +0032,  368,  140
"2022--P1Y", +0031, +0033,  526,  146
"2022--P1Y", +0031, +0034,  666,  146
"2022--P1Y", +0031, +0035,  548,  146
"2022--P1Y", +0031, +0036,  485,  146
"2022--P1Y", +0031, +0037,  445,  146
"2022--P1Y", +0031, +0038,  369,  146
"2022--P1Y", +0031, +0039,  334,   73
"2022--P1Y", +0031, +0040,  295,   73
"2022--P1Y", +0031, +0041,  293,   73
"2022--P1Y", +0031, +0042,  438,   73
"2022--P1Y", +0031, +0043,  440,   73
"2022--P1Y", +0031, +0044,  380,  146
"2022--P1Y", +0031, +0045,  231,  146
"2022--P1Y", +0031, +0046,   12,    8
"2022--P1Y", +0032, +0013,   16,    4
"2022--P1Y", +0032, +0014,    8,    4
"2022--P1Y", +0032, +0015,  295,   73
"2022--P1Y", +0032, +0016,  444,  146
"2022--P1Y", +0032, +0017,  737,  146
"2022--P1Y", +0032, +0018,  662,  145
"2022--P1Y", +0032, +0019,  583,  144
"2022--P1Y", +0032, +0020,  740,  144
"2022--P1Y", +0032, +0021,  950,  144
"2022--P1Y", +0032, +0022,  447,  144
"2022--P1Y", +0032, +0023,  305,   73
"2022--P1Y", +0032, +0024,  293,   73
"2022--P1Y", +0032, +0025,  303,   73
"2022--P1Y", +0032, +0026,  530,  146
"2022--P1Y", +0032, +0027,  620,  146
"2022--P1Y", +0032, +0028,  593,  146
"2022--P1Y", +0032, +0029,  526,  146
"2022--P1Y", +0032, +0030,  455,  145
"2022--P1Y", +0032, +0031,  455,  146
"2022--P1Y", +0032, +0032,  296,   73
"2022--P1Y", +0032, +0033,  374,   73
"2022--P1Y", +0032, +0034,  368,   73
"2022--P1Y", +0032, +0035,  294,   73
"2022--P1Y", +0032, +0036,  298,   75
"2022--P1Y", +0032, +0037,  449,  146
"2022--P1Y", +0032, +0038,  592,  146
"2022--P1Y", +0032, +0039,  624,  146
"2022--P1Y", +0032, +0040,  511,  145
"2022--P1Y", +0032, +0041,  437,  145
"2022--P1Y", +0032, +0042,  366,  145
"2022--P1Y", +0032, +0043,  441,   73
"2022--P1Y", +0032, +0044,  312,   73
"2022--P1Y", +0032, +0045,  164,   73
"2022--P1Y", +0032, +0046,   18,   14
"2022--P1Y", +0033, +0013,   16,    4
"2022--P1Y", +0033, +0014,  299,  146
"2022--P1Y", +0033, +0015,  662,  146
"2022--P1Y", +0033, +0016,  738,  146
"2022--P1Y", +0033, +0017,  588,  144
"2022--P1Y", +0033, +0018,  432,   71
"2022--P1Y", +0033, +0019,  431,   71
"2022--P1Y", +0033, +0020,  742,  143
"2022--P1Y", +0033, +0021, 1099,  144
"2022--P1Y", +0033, +0022,  813,  144
"2022--P1Y", +0033, +0023,  736,  144
"2022--P1Y", +0033, +0024,  728,  144
"2022--P1Y", +0033, +0025,  464,  144
"2022--P1Y", +0033, +0026,  391,  144
"2022--P1Y", +0033, +0027,  301,   73
"2022--P1Y", +0033, +0028,  301,   73
"2022--P1Y", +0033, +0029,  305,   73
"2022--P1Y", +0033, +0030,  454,  146
"2022--P1Y", +0033, +0031,  606,  146
"2022--P1Y", +0033, +0032,  588,  146
"2022--P1Y", +0033, +0033,  656,  145
"2022--P1Y", +0033, +0034,  470,  146
"2022--P1Y", +0033, +0035,  368,  146
"2022--P1Y", +0033, +0036,  298,   73
"2022--P1Y", +0033, +0037,  299,   73
"2022--P1Y", +0033, +0038,  294,   73
"2022--P1Y", +0033, +0039,  290,   73
"2022--P1Y", +0033, +0040,  311,   90
"2022--P1Y", +0033, +0041,  436,  145
"2022--P1Y", +0033, +0042,  488,  145
"2022--P1Y", +0033, +0043,  459,  145
"2022--P1Y", +0033, +0044,  490,  145
"2022--P1Y", +0033, +0045,  121,   77
"2022--P1Y", +0033, +0046,   28,   16
"2022--P1Y", +0034, +0012,    4,    4
"2022--P1Y", +0034, +0013,   98,   77
"2022--P1Y", +0034, +0014,  444,  146
"2022--P1Y", +0034, +0015,  738,  146
"2022--P1Y", +0034, +0016,  882,  146
"2022--P1Y", +0034, +0017,  805,  145
"2022--P1Y", +0034, +0018,  724,  144
"2022--P1Y", +0034, +0019,  657,  144
"2022--P1Y", +0034, +0020,  606,  144
"2022--P1Y", +0034, +0021,  440,   71
"2022--P1Y", +0034, +0022,  588,   71
"2022--P1Y", +0034, +0023,  725,  144
"2022--P1Y", +0034, +0024,  737,  144
"2022--P1Y", +0034, +0025,  625,  144
"2022--P1Y", +0034, +0026,  615,  144
"2022--P1Y", +0034, +0027,  641,  144
"2022--P1Y", +0034, +0028,  746,  144
"2022--P1Y", +0034, +0029,  743,  144
"2022--P1Y", +0034, +0030,  467,   73
"2022--P1Y", +0034, +0031,  451,   73
"2022--P1Y", +0034, +0032,  470,   73
"2022--P1Y", +0034, +0033,  489,   84
"2022--P1Y", +0034, +0034,  657,  146
"2022--P1Y", +0034, +0035,  729,  146
"2022--P1Y", +0034, +0036,  746,  146
"2022--P1Y", +0034, +0037,  816,  146
"2022--P1Y", +0034, +0038,  454,  145
"2022--P1Y", +0034, +0039,  169,   77
"2022--P1Y", +0034, +0040,  155,   72
"2022--P1Y", +0034, +0041,  153,   72
"2022--P1Y", +0034, +0042,  178,   72
"2022--P1Y", +0034, +0043,   86,   72
"2022--P1Y", +0034, +0044,   42,   18
"2022--P1Y", +0034, +0045,   38,   18
"2022--P1Y", +0034, +0046,   18,   18
"2022--P1Y", +0035, +0012,  161,  146
"2022--P1Y", +0035, +0013,  451,  146
"2022--P1Y", +0035, +0014,  513,  146
"2022--P1Y", +0035, +0015,  443,  146
"2022--P1Y", +0035, +0016,  364,  146
"2022--P1Y", +0035, +0017,  290,   73
"2022--P1Y", +0035, +0018,  433,  144
"2022--P1Y", +0035, +0019,  458,  143
"2022--P1Y", +0035, +0020,  468,  144
"2022--P1Y", +0035, +0021,  585,  144
"2022--P1Y", +0035, +0022,  588,  144
"2022--P1Y", +0035, +0023,  800,  144
"2022--P1Y", +0035, +0024,  816,  144
"2022--P1Y", +0035, +0025,  301,   71
"2022--P1Y", +0035, +0026,  299,   71
"2022--P1Y", +0035, +0027,  579,  143
"2022--P1Y", +0035, +0028,  813,  143
"2022--P1Y", +0035, +0029,  890,  144
"2022--P1Y", +0035, +0030,  894,  144
"2022--P1Y", +0035, +0031,  656,  144
"2022--P1Y", +0035, +0032,  623,  144
"2022--P1Y", +0035, +0033,  521,   73
"2022--P1Y", +0035, +0034,  502,   73
"2022--P1Y", +0035, +0035,  436,   73
"2022--P1Y", +0035, +0036,  449,   73
"2022--P1Y", +0035, +0037,  623,  146
"2022--P1Y", +0035, +0038,  452,  145
"2022--P1Y", +0035, +0039,  105,   74
"2022--P1Y", +0035, +0040,   32,    8
"2022--P1Y", +0035, +0041,   28,    8
"2022--P1Y", +0035, +0042,   20,    8
"2022--P1Y", +0035, +0043,   16,    4
"2022--P1Y", +0035, +0044,   16,    4
"2022--P1Y", +0035, +0045,    8,    4
"2022--P1Y", +0036, +0009,    7,    4
"2022--P1Y", +0036, +0010,   10,    4
"2022--P1Y", +0036, +0011,   12,    8
"2022--P1Y", +0036, +0012,  231,  146
"2022--P1Y", +0036, +0013,  370,  146
"2022--P1Y", +0036, +0014,  517,  146
"2022--P1Y", +0036, +0015,  591,  146
"2022--P1Y", +0036, +0016,  582,  146
"2022--P1Y", +0036, +0017,  622,  146
"2022--P1Y", +0036, +0018,  510,  146
"2022--P1Y", +0036, +0019,  407,  145
"2022--P1Y", +0036, +0020,  308,   73
"2022--P1Y", +0036, +0021,  359,  138
"2022--P1Y", +0036, +0022,  732,  144
"2022--P1Y", +0036, +0023,  657,  144
"2022--P1Y", +0036, +0024,  826,  144
"2022--P1Y", +0036, +0025,  605,  144
"2022--P1Y", +0036, +0026,  468,  143
"2022--P1Y", +0036, +0027,  499,  142
"2022--P1Y", +0036, +0028,  292,   71
"2022--P1Y", +0036, +0029,  292,   71
"2022--P1Y", +0036, +0030,  291,   71
"2022--P1Y", +0036, +0031,  432,  144
"2022--P1Y", +0036, +0032,  454,  144
"2022--P1Y", +0036, +0033,  548,  144
"2022--P1Y", +0036, +0034,  602,  144
"2022--P1Y", +0036, +0035,  570,  144
"2022--P1Y", +0036, +0036,  427,  144
"2022--P1Y", +0036, +0037,  429,   72
"2022--P1Y", +0036, +0038,  294,   72
"2022--P1Y", +0036, +0039,  153,   71
"2022--P1Y", +0036, +0040,  104,   72
"2022--P1Y", +0036, +0041,   24,    8
"2022--P1Y", +0036, +0042,   32,    8
"2022--P1Y", +0036, +0043,   28,    8
"2022--P1Y", +0036, +0044,   24,    8
"2022--P1Y", +0036, +0045,   12,    8
"2022--P1Y", +0037, +0006,    6,    3
"2022--P1Y", +0037, +0007,    9,    3
"2022--P1Y", +0037, +0008,   11,    5
"2022--P1Y", +0037, +0009,   14,    4
"2022--P1Y", +0037, +0010,   16,    4
"2022--P1Y", +0037, +0011,   36,   20
"2022--P1Y", +0037, +0012,  323,  146
"2022--P1Y", +0037, +0013,  518,  146
"2022--P1Y", +0037, +0014,  452,  146
"2022--P1Y", +0037, +0015,  364,  144
"2022--P1Y", +0037, +0016,  363,  146
"2022--P1Y", +0037, +0017,  467,  146
"2022--P1Y", +0037, +0018,  436,  146
"2022--P1Y", +0037, +0019,  627,  146
"2022--P1Y", +0037, +0020,  599,  146
"2022--P1Y", +0037, +0021,  684,  146
"2022--P1Y", +0037, +0022,  590,  145
"2022--P1Y", +0037, +0023,  377,   73
"2022--P1Y", +0037, +0024,  306,   73
"2022--P1Y", +0037, +0025,  552,  144
"2022--P1Y", +0037, +0026,  838,  142
"2022--P1Y", +0037, +0027,  676,  142
"2022--P1Y", +0037, +0028,  588,  142
"2022--P1Y", +0037, +0029,  443,  142
"2022--P1Y", +0037, +0030,  432,  142
"2022--P1Y", +0037, +0031,  284,   71
"2022--P1Y", +0037, +0032,  286,   71
"2022--P1Y", +0037, +0033,  287,   71
"2022--P1Y", +0037, +0034,  360,  143
"2022--P1Y", +0037, +0035,  431,  144
"2022--P1Y", +0037, +0036,  511,  144
"2022--P1Y", +0037, +0037,  573,  143
"2022--P1Y", +0037, +0038,  439,  143
"2022--P1Y", +0037, +0039,  380,  143
"2022--P1Y", +0037, +0040,  262,   72
"2022--P1Y", +0037, +0041,  153,   72
"2022--P1Y", +0037, +0042,  151,   71
"2022--P1Y", +0037, +0043,   83,   71
"2022--P1Y", +0037, +0044,   20,    8
"2022--P1Y", +0037, +0045,   12,    8
"2022--P1Y", +0038, +0006,   76,   70
"2022--P1Y", +0038, +0007,  154,   70
"2022--P1Y", +0038, +0008,   39,   19
"2022--P1Y", +0038, +0009,  329,  143
"2022--P1Y", +0038, +0010,  587,  144
"2022--P1Y", +0038, +0011,  594,  144
"2022--P1Y", +0038, +0012,  458,  146
"2022--P1Y", +0038, +0013,  663,  146
"2022--P1Y", +0038, +0014,  801,  146
"2022--P1Y", +0038, +0015,  876,  144
"2022--P1Y", +0038, +0016,  600,  144
"2022--P1Y", +0038, +0017,  523,  144
"2022--P1Y", +0038, +0018,  293,   73
"2022--P1Y", +0038, +0019,  301,   73
"2022--P1Y", +0038, +0020,  444,  146
"2022--P1Y", +0038, +0021,  857,  146
"2022--P1Y", +0038, +0022,  659,  145
"2022--P1Y", +0038, +0023,  464,  145
"2022--P1Y", +0038, +0024,  458,  145
"2022--P1Y", +0038, +0025,  399,  145
"2022--P1Y", +0038, +0026,  288,   71
"2022--P1Y", +0038, +0027,  436,   71
"2022--P1Y", +0038, +0028,  447,  142
"2022--P1Y", +0038, +0029,  439,  142
"2022--P1Y", +0038, +0030,  501,  142
"2022--P1Y", +0038, +0031,  568,  142
"2022--P1Y", +0038, +0032,  571,  142
"2022--P1Y", +0038, +0033,  507,  142
"2022--P1Y", +0038, +0034,  287,   71
"2022--P1Y", +0038, +0035,  284,   71
"2022--P1Y", +0038, +0036,  433,   71
"2022--P1Y", +0038, +0037,  355,   71
"2022--P1Y", +0038, +0038,  573,  143
"2022--P1Y", +0038, +0039,  614,  143
"2022--P1Y", +0038, +0040,  522,  143
"2022--P1Y", +0038, +0041,  433,  143
"2022--P1Y", +0038, +0042,  430,  143
"2022--P1Y", +0038, +0043,  219,   72
"2022--P1Y", +0038, +0044,  154,   72
"2022--P1Y", +0038, +0045,  148,   72
"2022--P1Y", +0038, +0046,   73,   72
"2022--P1Y", +0039, +0005,   29,   21
"2022--P1Y", +0039, +0006,  568,  142
"2022--P1Y", +0039, +0007,  446,  142
"2022--P1Y", +0039, +0008,  398,  158
"2022--P1Y", +0039, +0009,  676,  144
"2022--P1Y", +0039, +0010,  872,  144
"2022--P1Y", +0039, +0011,  865,  144
"2022--P1Y", +0039, +0012,  872,  144
"2022--P1Y", +0039, +0013,  762,  144
"2022--P1Y", +0039, +0014,  550,  127
"2022--P1Y", +0039, +0015,  587,  144
"2022--P1Y", +0039, +0016,  599,  144
"2022--P1Y", +0039, +0017,  589,  144
"2022--P1Y", +0039, +0018,  584,  144
"2022--P1Y", +0039, +0019,  583,  144
"2022--P1Y", +0039, +0020,  525,  144
"2022--P1Y", +0039, +0021,  524,   73
"2022--P1Y", +0039, +0022,  444,   72
"2022--P1Y", +0039, +0023,  755,  145
"2022--P1Y", +0039, +0024,  703,  145
"2022--P1Y", +0039, +0025,  615,  144
"2022--P1Y", +0039, +0026,  513,  143
"2022--P1Y", +0039, +0027,  445,  143
"2022--P1Y", +0039, +0028,  515,  143
"2022--P1Y", +0039, +0029,  428,   71
"2022--P1Y", +0039, +0030,  285,   71
"2022--P1Y", +0039, +0031,  284,   71
"2022--P1Y", +0039, +0032,  390,  142
"2022--P1Y", +0039, +0033,  439,  142
"2022--P1Y", +0039, +0034,  429,  142
"2022--P1Y", +0039, +0035,  641,  142
"2022--P1Y", +0039, +0036,  727,  142
"2022--P1Y", +0039, +0037,  281,   71
"2022--P1Y", +0039, +0038,  282,   71
"2022--P1Y", +0039, +0039,  284,   71
"2022--P1Y", +0039, +0040,  287,   71
"2022--P1Y", +0039, +0041,  366,  142
"2022--P1Y", +0039, +0042,  432,  143
"2022--P1Y", +0039, +0043,  577,  143
"2022--P1Y", +0039, +0044,  505,  143
"2022--P1Y", +0039, +0045,  430,  143
"2022--P1Y", +0039, +0046,  145,   72
"2022--P1Y", +0040, +0005,  165,   94
"2022--P1Y", +0040, +0006,  638,  142
"2022--P1Y", +0040, +0007,  884,  142
"2022--P1Y", +0040, +0008,  788,  142
"2022--P1Y", +0040, +0009,  648,  142
"2022--P1Y", +0040, +0010,  501,  142
"2022--P1Y", +0040, +0011,  500,  144
"2022--P1Y", +0040, +0012,  588,  144
"2022--P1Y", +0040, +0013,  547,  144
"2022--P1Y", +0040, +0014,  656,  143
"2022--P1Y", +0040, +0015,  731,  142
"2022--P1Y", +0040, +0016,  427,  142
"2022--P1Y", +0040, +0017,  288,   71
"2022--P1Y", +0040, +0018,  361,  144
"2022--P1Y", +0040, +0019,  435,  144
"2022--P1Y", +0040, +0020,  687,  144
"2022--P1Y", +0040, +0021,  789,  144
"2022--P1Y", +0040, +0022,  736,  143
"2022--P1Y", +0040, +0023,  713,  143
"2022--P1Y", +0040, +0024,  290,   72
"2022--P1Y", +0040, +0025,  293,   72
"2022--P1Y", +0040, +0026,  518,  143
"2022--P1Y", +0040, +0027,  601,  143
"2022--P1Y", +0040, +0028,  868,  143
"2022--P1Y", +0040, +0029,  979,  142
"2022--P1Y", +0040, +0030, 1183,  142
"2022--P1Y", +0040, +0031,  781,  142
"2022--P1Y", +0040, +0032,  437,   71
"2022--P1Y", +0040, +0033,  290,   71
"2022--P1Y", +0040, +0034,  285,   71
"2022--P1Y", +0040, +0035,  576,  142
"2022--P1Y", +0040, +0036,  582,  142
"2022--P1Y", +0040, +0037,  494,  142
"2022--P1Y", +0040, +0038,  427,  142
"2022--P1Y", +0040, +0039,  425,  141
"2022--P1Y", +0040, +0040,  288,   71
"2022--P1Y", +0040, +0041,  288,   71
"2022--P1Y", +0040, +0042,  291,   71
"2022--P1Y", +0040, +0043,  289,   71
"2022--P1Y", +0040, +0044,  356,  143
"2022--P1Y", +0040, +0045,  428,  143
"2022--P1Y", +0040, +0046,  216,  142
"2022--P1Y", +0041, +0005,  212,  141
"2022--P1Y", +0041, +0006,  427,  142
"2022--P1Y", +0041, +0007,  509,  214
"2022--P1Y", +0041, +0008,  577,  142
"2022--P1Y", +0041, +0009,  575,  142
"2022--P1Y", +0041, +0010,  572,  142
"2022--P1Y", +0041, +0011,  567,  142
"2022--P1Y", +0041, +0012,  603,  142
"2022--P1Y", +0041, +0013,  377,   71
"2022--P1Y", +0041, +0014,  579,  142
"2022--P1Y", +0041, +0015,  657,  142
"2022--P1Y", +0041, +0016,  573,  142
"2022--P1Y", +0041, +0017,  572,  142
"2022--P1Y", +0041, +0018,  427,  141
"2022--P1Y", +0041, +0019,  428,  141
"2022--P1Y", +0041, +0020,  295,   71
"2022--P1Y", +0041, +0021,  362,  143
"2022--P1Y", +0041, +0022,  587,  143
"2022--P1Y", +0041, +0023,  724,  143
"2022--P1Y", +0041, +0024,  439,  143
"2022--P1Y", +0041, +0025,  450,  143
"2022--P1Y", +0041, +0026,  444,  143
"2022--P1Y", +0041, +0027,  434,   72
"2022--P1Y", +0041, +0028,  438,   71
"2022--P1Y", +0041, +0029,  719,  142
"2022--P1Y", +0041, +0030,  710,  142
"2022--P1Y", +0041, +0031,  998,  142
"2022--P1Y", +0041, +0032,  931,  142
"2022--P1Y", +0041, +0033,  712,  142
"2022--P1Y", +0041, +0034,  568,  142
"2022--P1Y", +0041, +0035,  435,   71
"2022--P1Y", +0041, +0036,  437,   71
"2022--P1Y", +0041, +0037,  428,   71
"2022--P1Y", +0041, +0038,  505,  142
"2022--P1Y", +0041, +0039,  636,  141
"2022--P1Y", +0041, +0040,  712,  141
"2022--P1Y", +0041, +0041,  574,  141
"2022--P1Y", +0041, +0042,  432,  141
"2022--P1Y", +0041, +0043,  287,   71
"2022--P1Y", +0041, +0044,  284,   71
"2022--P1Y", +0041, +0045,  284,   71
"2022--P1Y", +0041, +0046,  172,   71
"2022--P1Y", +0041, +0047,   26,   26
"2022--P1Y", +0042, +0005,  161,  142
"2022--P1Y", +0042, +0006,  451,  143
"2022--P1Y", +0042, +0007,  617,  143
"2022--P1Y", +0042, +0008,  526,  143
"2022--P1Y", +0042, +0009,  423,  142
"2022--P1Y", +0042, +0010,  428,  142
"2022--P1Y", +0042, +0011,  427,  142
"2022--P1Y", +0042, +0012,  594,  142
"2022--P1Y", +0042, +0013,  717,  142
"2022--P1Y", +0042, +0014,  576,  142
"2022--P1Y", +0042, +0015,  501,  142
"2022--P1Y", +0042, +0016,  423,   71
"2022--P1Y", +0042, +0017,  424,  141
"2022--P1Y", +0042, +0018,  493,  141
"2022--P1Y", +0042, +0019,  570,  141
"2022--P1Y", +0042, +0020,  574,  141
"2022--P1Y", +0042, +0021,  566,  141
"2022--P1Y", +0042, +0022,  407,   74
"2022--P1Y", +0042, +0023,  398,   71
"2022--P1Y", +0042, +0024,  369,  143
"2022--P1Y", +0042, +0025,  593,  143
"2022--P1Y", +0042, +0026,  579,  143
"2022--P1Y", +0042, +0027,  573,  143
"2022--P1Y", +0042, +0028,  505,  142
"2022--P1Y", +0042, +0029,  356,  142
"2022--P1Y", +0042, +0030,  284,   71
"2022--P1Y", +0042, +0031,  426,   71
"2022--P1Y", +0042, +0032,  428,  108
"2022--P1Y", +0042, +0033,  779,  142
"2022--P1Y", +0042, +0034, 1065,  142
"2022--P1Y", +0042, +0035,  865,  142
"2022--P1Y", +0042, +0036,  574,  142
"2022--P1Y", +0042, +0037,  571,  142
"2022--P1Y", +0042, +0038,  430,   71
"2022--P1Y", +0042, +0039,  420,   70
"2022--P1Y", +0042, +0040,  423,   70
"2022--P1Y", +0042, +0041,  373,  141
"2022--P1Y", +0042, +0042,  322,  141
"2022--P1Y", +0042, +0043,  307,  141
"2022--P1Y", +0042, +0044,  306,  141
"2022--P1Y", +0042, +0045,  245,  141
"2022--P1Y", +0042, +0046,  115,   71
"2022--P1Y", +0042, +0047,   26,   26
"2022--P1Y", +0043, +0005,   22,   15
"2022--P1Y", +0043, +0006,  157,  132
"2022--P1Y", +0043, +0007,  333,  143
"2022--P1Y", +0043, +0008,  321,  142
"2022--P1Y", +0043, +0009,  311,  142
"2022--P1Y", +0043, +0010,  307,  142
"2022--P1Y", +0043, +0011,  255,  141
"2022--P1Y", +0043, +0012,  218,   71
"2022--P1Y", +0043, +0013,  709,  142
"2022--P1Y", +0043, +0014,  571,  142
"2022--P1Y", +0043, +0015,  499,  142
"2022--P1Y", +0043, +0016,  425,  141
"2022--P1Y", +0043, +0017,  492,  141
"2022--P1Y", +0043, +0018,  420,   70
"2022--P1Y", +0043, +0019,  350,   70
"2022--P1Y", +0043, +0020,  427,  141
"2022--P1Y", +0043, +0021,  428,  141
"2022--P1Y", +0043, +0022,  560,  141
"2022--P1Y", +0043, +0023,  434,  141
"2022--P1Y", +0043, +0024,  440,  141
"2022--P1Y", +0043, +0025,  289,   71
"2022--P1Y", +0043, +0026,  288,   71
"2022--P1Y", +0043, +0027,  357,  142
"2022--P1Y", +0043, +0028,  431,  142
"2022--P1Y", +0043, +0029,  429,  142
"2022--P1Y", +0043, +0030,  569,  142
"2022--P1Y", +0043, +0031,  710,  142
"2022--P1Y", +0043, +0032,  305,   92
"2022--P1Y", +0043, +0033,  284,   71
"2022--P1Y", +0043, +0034,  284,   71
"2022--P1Y", +0043, +0035,  362,   73
"2022--P1Y", +0043, +0036,  635,  142
"2022--P1Y", +0043, +0037,  572,  142
"2022--P1Y", +0043, +0038,  371,  142
"2022--P1Y", +0043, +0039,  297,  141
"2022--P1Y", +0043, +0040,  242,   92
"2022--P1Y", +0043, +0041,  146,   70
"2022--P1Y", +0043, +0042,   12,    3
"2022--P1Y", +0043, +0043,   12,    3
"2022--P1Y", +0043, +0044,   27,   18
"2022--P1Y", +0043, +0045,   35,   18
"2022--P1Y", +0043, +0046,  114,   71
"2022--P1Y", +0043, +0047,   26,   26
"2022--P1Y", +0044, +0005,    6,    3
"2022--P1Y", +0044, +0006,   12,    3
"2022--P1Y", +0044, +0007,   15,    3
"2022--P1Y", +0044, +0008,   18,    3
"2022--P1Y", +0044, +0009,   30,    6
"2022--P1Y", +0044, +0010,   30,    6
"2022--P1Y", +0044, +0011,   47,   17
"2022--P1Y", +0044, +0012,  263,  142
"2022--P1Y", +0044, +0013,  459,  142
"2022--P1Y", +0044, +0014,  440,  142
"2022--P1Y", +0044, +0015,  557,  141
"2022--P1Y", +0044, +0016,  708,  142
"2022--P1Y", +0044, +0017,  639,  141
"2022--P1Y", +0044, +0018,  566,  141
"2022--P1Y", +0044, +0019,  561,  141
"2022--P1Y", +0044, +0020,  420,  140
"2022--P1Y", +0044, +0021,  428,   70
"2022--P1Y", +0044, +0022,  572,  141
"2022--P1Y", +0044, +0023,  574,  141
"2022--P1Y", +0044, +0024,  580,  141
"2022--P1Y", +0044, +0025,  563,  141
"2022--P1Y", +0044, +0026,  427,  141
"2022--P1Y", +0044, +0027,  367,  141
"2022--P1Y", +0044, +0028,  288,   71
"2022--P1Y", +0044, +0029,  288,   71
"2022--P1Y", +0044, +0030,  555,  142
"2022--P1Y", +0044, +0031,  639,  142
"2022--P1Y", +0044, +0032,  498,  142
"2022--P1Y", +0044, +0033,  426,  142
"2022--P1Y", +0044, +0034,  426,  142
"2022--P1Y", +0044, +0035,  222,   71
"2022--P1Y", +0044, +0036,  218,   71
"2022--P1Y", +0044, +0037,  288,   71
"2022--P1Y", +0044, +0038,  159,   73
"2022--P1Y", +0044, +0039,  170,  141
"2022--P1Y", +0044, +0040,  242,  141
"2022--P1Y", +0044, +0041,   93,   74
"2022--P1Y", +0044, +0042,   19,    7
"2022--P1Y", +0044, +0043,   11,    3
"2022--P1Y", +0044, +0044,   12,    3
"2022--P1Y", +0044, +0045,    6,    3
"2022--P1Y", +0045, +0006,    9,    3
"2022--P1Y", +0045, +0007,   12,    3
"2022--P1Y", +0045, +0008,   12,    3
"2022--P1Y", +0045, +0009,   12,    3
"2022--P1Y", +0045, +0010,   15,    3
"2022--P1Y", +0045, +0011,   25,   13
"2022--P1Y", +0045, +0012,  202,  142
"2022--P1Y", +0045, +0013,  328,  142
"2022--P1Y", +0045, +0014,  384,  142
"2022--P1Y", +0045, +0015,  577,  142
"2022--P1Y", +0045, +0016,  643,  142
"2022--P1Y", +0045, +0017,  359,   71
"2022--P1Y", +0045, +0018,  424,  141
"2022--P1Y", +0045, +0019,  562,  141
"2022--P1Y", +0045, +0020,  562,  140
"2022--P1Y", +0045, +0021,  784,  140
"2022--P1Y", +0045, +0022,  978,  141
"2022--P1Y", +0045, +0023,  499,   71
"2022--P1Y", +0045, +0024,  280,   70
"2022--P1Y", +0045, +0025,  352,  141
"2022--P1Y", +0045, +0026,  427,  141
"2022--P1Y", +0045, +0027,  552,  141
"2022--P1Y", +0045, +0028,  569,  141
"2022--P1Y", +0045, +0029,  505,  141
"2022--P1Y", +0045, +0030,  426,   71
"2022--P1Y", +0045, +0031,  357,   71
"2022--P1Y", +0045, +0032,  286,   71
"2022--P1Y", +0045, +0033,  428,  142
"2022--P1Y", +0045, +0034,  429,  142
"2022--P1Y", +0045, +0035,  327,  142
"2022--P1Y", +0045, +0036,  377,  142
"2022--P1Y", +0045, +0037,  355,  142
"2022--P1Y", +0045, +0038,  152,   71
"2022--P1Y", +0045, +0039,   20,    4
"2022--P1Y", +0045, +0040,   24,    4
"2022--P1Y", +0045, +0041,   29,    7
"2022--P1Y", +0045, +0042,   38,    7
"2022--P1Y", +0045, +0043,   37,    7
"2022--P1Y", +0045, +0044,   24,    7
"2022--P1Y", +0045, +0045,   10,    7
"2022--P1Y", +0046, +0008,    3,    3
"2022--P1Y", +0046, +0009,    6,    3
"2022--P1Y", +0046, +0010,    9,    3
"2022--P1Y", +0046, +0011,   12,    3
"2022--P1Y", +0046, +0012,   12,    3
"2022--P1Y", +0046, +0013,   12,    3
"2022--P1Y", +0046, +0014,   15,    6
"2022--P1Y", +0046, +0015,  156,  142
"2022--P1Y", +0046, +0016,  507,  142
"2022--P1Y", +0046, +0017,  429,  142
"2022--P1Y", +0046, +0018,  425,  142
"2022--P1Y", +0046, +0019,  346,  134
"2022--P1Y", +0046, +0020,  282,   70
"2022--P1Y", +0046, +0021,  706,  140
"2022--P1Y", +0046, +0022,  711,  141
"2022--P1Y", +0046, +0023,  851,  141
"2022--P1Y", +0046, +0024,  633,  141
"2022--P1Y", +0046, +0025,  564,  141
"2022--P1Y", +0046, +0026,  361,   70
"2022--P1Y", +0046, +0027,  425,   70
"2022--P1Y", +0046, +0028,  492,  141
"2022--P1Y", +0046, +0029,  563,  141
"2022--P1Y", +0046, +0030,  564,  141
"2022--P1Y", +0046, +0031,  427,  141
"2022--P1Y", +0046, +0032,  424,  141
"2022--P1Y", +0046, +0033,  287,   71
"2022--P1Y", +0046, +0034,  163,   71
"2022--P1Y", +0046, +0035,  107,   71
"2022--P1Y", +0046, +0036,  374,  142
"2022--P1Y", +0046, +0037,  427,  142
"2022--P1Y", +0046, +0038,  303,  142
"2022--P1Y", +0046, +0039,   26,    8
"2022--P1Y", +0046, +0040,   16,    4
"2022--P1Y", +0046, +0041,   16,    4
"2022--P1Y", +0046, +0042,   16,    4
"2022--P1Y", +0046, +0043,   20,    4
"2022--P1Y", +0046, +0044,   15,    7
"2022--P1Y", +0046, +0045,    7,    7
"2022--P1Y", +0047, -0007,   72,   52
"2022--P1Y", +0047, -0006,   92,   49
"2022--P1Y", +0047, +0010,    1,    1
"2022--P1Y", +0047, +0011,    9,    3
"2022--P1Y", +0047, +0012,   12,    3
"2022--P1Y", +0047, +0013,   12,    3
"2022--P1Y", +0047, +0014,   12,    3
"2022--P1Y", +0047, +0015,   12,    3
"2022--P1Y", +0047, +0016,  156,   71
"2022--P1Y", +0047, +0017,  433,  142
"2022--P1Y", +0047, +0018,  564,  142
"2022--P1Y", +0047, +0019,  569,  141
"2022--P1Y", +0047, +0020,  501,  142
"2022--P1Y", +0047, +0021,  357,  142
"2022--P1Y", +0047, +0022,  428,   71
"2022--P1Y", +0047, +0023,  408,  141
"2022--P1Y", +0047, +0024,  564,  141
"2022--P1Y", +0047, +0025,  707,  141
"2022--P1Y", +0047, +0026,  912,  141
"2022--P1Y", +0047, +0027,  946,  141
"2022--P1Y", +0047, +0028,  420,   70
"2022--P1Y", +0047, +0029,  490,   70
"2022--P1Y", +0047, +0030,  420,   70
"2022--P1Y", +0047, +0031,  635,  141
"2022--P1Y", +0047, +0032,  530,  141
"2022--P1Y", +0047, +0033,  278,  141
"2022--P1Y", +0047, +0034,  115,   74
"2022--P1Y", +0047, +0035,  122,   74
"2022--P1Y", +0047, +0036,  176,   71
"2022--P1Y", +0047, +0037,  286,   71
"2022--P1Y", +0047, +0038,  226,   71
"2022--P1Y", +0047, +0039,   24,    8
"2022--P1Y", +0047, +0040,   16,    4
"2022--P1Y", +0047, +0041,   16,    4
"2022--P1Y", +0047, +0042,   16,    4
"2022--P1Y", +0047, +0043,   16,    4
"2022--P1Y", +0047, +0044,    8,    4
"2022--P1Y", +0048, -0008,  200,   50
"2022--P1Y", +0048, -0007,  219,   52
"2022--P1Y", +0048, -0006,   92,   49
"2022--P1Y", +0048, +0013,    3,    3
"2022--P1Y", +0048, +0014,    6,    3
"2022--P1Y", +0048, +0015,   12,    3
"2022--P1Y", +0048, +0016,   18,    3
"2022--P1Y", +0048, +0017,   79,   70
"2022--P1Y", +0048, +0018,  148,   71
"2022--P1Y", +0048, +0019,  289,  141
"2022--P1Y", +0048, +0020,  432,  142
"2022--P1Y", +0048, +0021,  502,  142
"2022--P1Y", +0048, +0022,  713,  142
"2022--P1Y", +0048, +0023,  428,  142
"2022--P1Y", +0048, +0024,  284,   71
"2022--P1Y", +0048, +0025,  281,   71
"2022--P1Y", +0048, +0026,  421,  141
"2022--P1Y", +0048, +0027,  420,  140
"2022--P1Y", +0048, +0028,  633,  140
"2022--P1Y", +0048, +0029,  631,  141
"2022--P1Y", +0048, +0030,  631,  141
"2022--P1Y", +0048, +0031,  420,   70
"2022--P1Y", +0048, +0032,  219,   70
"2022--P1Y", +0048, +0033,  100,   82
"2022--P1Y", +0048, +0034,  183,   87
"2022--P1Y", +0048, +0035,  321,  142
"2022--P1Y", +0048, +0036,  447,  142
"2022--P1Y", +0048, +0037,  448,  142
"2022--P1Y", +0048, +0038,  170,   71
"2022--P1Y", +0048, +0039,   10,    4
"2022--P1Y", +0048, +0041,    4,    4
"2022--P1Y", +0048, +0042,   17,    8
"2022--P1Y", +0048, +0043,   32,    8
"2022--P1Y", +0048, +0044,   16,    8
"2022--P1Y", +0049, -0008,  106,   49
"2022--P1Y", +0049, -0007,  124,   52
"2022--P1Y", +0049, +0015,    6,    3
"2022--P1Y", +0049, +0016,   12,    3
"2022--P1Y", +0049, +0017,   12,    3
"2022--P1Y", +0049, +0018,   16,    7
"2022--P1Y", +0049, +0019,   89,   75
"2022--P1Y", +0049, +0020,  150,   71
"2022--P1Y", +0049, +0021,  150,   71
"2022--P1Y", +0049, +0022,  576,  142
"2022--P1Y", +0049, +0023,  569,  142
"2022--P1Y", +0049, +0024,  495,  142
"2022--P1Y", +0049, +0025,  424,  142
"2022--P1Y", +0049, +0026,  353,  142
"2022--P1Y", +0049, +0027,  214,   71
"2022--P1Y", +0049, +0028,  219,   70
"2022--P1Y", +0049, +0029,  428,  141
"2022--P1Y", +0049, +0030,  703,  141
"2022--P1Y", +0049, +0031,  572,  141
"2022--P1Y", +0049, +0032,  329,  110
"2022--P1Y", +0049, +0033,  291,   71
"2022--P1Y", +0049, +0034,  289,   71
"2022--P1Y", +0049, +0035,  291,   71
"2022--P1Y", +0049, +0036,  355,  142
"2022--P1Y", +0049, +0037,  311,  142
"2022--P1Y", +0049, +0038,  104,   72
"2022--P1Y", +0049, +0042,   16,    4
"2022--P1Y", +0049, +0043,   16,    4
"2022--P1Y", +0049, +0044,   12,    8
"2022--P1Y", +0050, -0008,   57,   27
"2022--P1Y", +0050, -0007,   26,   26
"2022--P1Y", +0050, +0018,   11,    7
"2022--P1Y", +0050, +0019,   18,    7
"2022--P1Y", +0050, +0020,   13,    7
"2022--P1Y", +0050, +0021,   85,   75
"2022--P1Y", +0050, +0022,  154,   75
"2022--P1Y", +0050, +0023,  148,   71
"2022--P1Y", +0050, +0024,  219,  142
"2022--P1Y", +0050, +0025,  290,  142
"2022--P1Y", +0050, +0026,  297,  142
"2022--P1Y", +0050, +0027,  170,  142
"2022--P1Y", +0050, +0028,   98,   83
"2022--P1Y", +0050, +0029,  147,   71
"2022--P1Y", +0050, +0030,  281,   71
"2022--P1Y", +0050, +0031,  204,  140
"2022--P1Y", +0050, +0032,   79,   73
"2022--P1Y", +0050, +0033,  147,   71
"2022--P1Y", +0050, +0034,  291,   71
"2022--P1Y", +0050, +0035,  359,   71
"2022--P1Y", +0050, +0036,  287,   71
"2022--P1Y", +0050, +0037,  148,   71
"2022--P1Y", +0050, +0041,    7,    7
"2022--P1Y", +0050, +0042,   22,    7
"2022--P1Y", +0050, +0043,   16,    4
"2022--P1Y", +0050, +0044,    8,    4
"2022--P1Y", +0051, +0021,    7,    7
"2022--P1Y", +0051, +0022,   12,    7
"2022--P1Y", +0051, +0023,    6,    3
"2022--P1Y", +0051, +0024,    6,    3
"2022--P1Y", +0051, +0025,    6,    3
"2022--P1Y", +0051, +0026,    6,    3
"2022--P1Y", +0051, +0027,   28,   16
"2022--P1Y", +0051, +0028,   31,   16
"2022--P1Y", +0051, +0029,   85,   73
"2022--P1Y", +0051, +0030,  225,  109
"2022--P1Y", +0051, +0031,  125,   41
"2022--P1Y", +0051, +0032,    3,    3
"2022--P1Y", +0051, +0034,  149,   71
"2022--P1Y", +0051, +0035,  155,   75
"2022--P1Y", +0051, +0036,  157,   74
"2022--P1Y", +0051, +0037,   80,   71
"2022--P1Y", +0051, +0041,   10,    7
"2022--P1Y", +0051, +0042,   28,    7
"2022--P1Y", +0051, +0043,   28,    7
"2022--P1Y", +0051, +0044,   11,    7
"2022--P1Y", +0052, +0027,    3,    3
"2022--P1Y", +0052, +0028,    6,    3
"2022--P1Y", +0052, +0029,   34,   28
"2022--P1Y", +0052, +0030,  157,   79
"2022--P1Y", +0052, +0031,  167,   79
"2022--P1Y", +0052, +0035,   12,    3
"2022--P1Y", +0052, +0036,   12,    6
"2022--P1Y", +0052, +0040,    3,    3
"2022--P1Y", +0052, +0041,   12,    3
"2022--P1Y", +0052, +0042,   18,    3
"2022--P1Y", +0052, +0043,   12,    3
"2022--P1Y", +0052, +0044,    6,    3
"2022--P1Y", +0053, +0017,   26,   26
"2022--P1Y", +0053, +0018,   51,   26
"2022--P1Y", +0053, +0019,   51,   25
"2022--P1Y", +0053, +0020,   79,   53
"2022--P1Y", +0053, +0021,   53,   53
"2022--P1Y", +0053, +0029,   25,   25
"2022--P1Y", +0053, +0030,   48,   25
"2022--P1Y", +0053, +0034,    3,    3
"2022--P1Y", +0053, +0035,    6,    3
"2022--P1Y", +0053, +0036,    3,    3
"2022--P1Y", +0053, +0040,   12,    4
"2022--P1Y", +0053, +0041,   18,    9
"2022--P1Y", +0053, +0042,   15,    6
"2022--P1Y", +0053, +0043,    9,    3
"2022--P1Y", +0053, +0044,    3,    3
"2022--P1Y", +0054, +0017,   77,   52
"2022--P1Y", +0054, +0018,  153,   52
"2022--P1Y", +0054, +0019,  103,   26
"2022--P1Y", +0054, +0020,  103,   26
"2022--P1Y", +0054, +0021,   53,   53
"2022--P1Y", +0054, +0040,    3,    3
"2022--P1Y", +0054, +0041,   12,    9
"2022--P1Y", +0054, +0042,   12,    6
"2022--P1Y", +0054, +0043,    6,    6
"2022--P1Y", +0055, +0017,   77,   51
"2022--P1Y", +0055, +0018,  103,   51
"2022--P1Y", +0055, +0019,   53,   26
"2022--P1Y", +0055, +0020,   51,   26
"2022--P1Y", +0062, +0018,   49,   49
"2022--P1Y", +0062, +0019,   46,   23
"2022--P1Y", +0063, +0017,    9,    9
"2022--P1Y", +0063, +0018,   97,   49
"2022--P1Y", +0063, +0019,  194,   49
"2022--P1Y", +0064, +0017,   26,   26
"2022--P1Y", +0064, +0018,   52,   26
"2022--P1Y", +0064, +0019,   52,   26
